{"cameraMode":{"drawMode":0,"name":"Shaded","section":"Shading Mode"},"sceneLighting":true,"audioPlay":false,"sceneViewState":{"showFog":false,"showMaterialUpdate":false,"showSkybox":false,"showFlares":false,"showImageEffects":true,"showParticleSystems":true},"in2DMode":false,"pivot":{"x":-3.4513168334960939,"y":-3.3503596782684328,"z":-2.019744396209717},"rotation":{"x":-0.13038943707942964,"y":0.77291339635849,"z":-0.16863104701042176,"w":-0.5976346731185913},"size":11.537372589111329,"orthographic":false}