{"cameraMode":{"drawMode":0,"name":"Shaded","section":"Shading Mode"},"sceneLighting":false,"audioPlay":false,"sceneViewState":{"showFog":false,"showMaterialUpdate":false,"showSkybox":false,"showFlares":false,"showImageEffects":true,"showParticleSystems":true},"in2DMode":false,"pivot":{"x":-0.45064258575439455,"y":3.3778553009033205,"z":-0.019100189208984376},"rotation":{"x":0.002690353896468878,"y":0.0005971072241663933,"z":0.0000016769237163316575,"w":-0.999996542930603},"size":22.0,"orthographic":false}